{"cameraMode":{"drawMode":0,"name":"Shaded","section":"Shading Mode"},"sceneLighting":true,"audioPlay":false,"sceneViewState":{"m_AlwaysRefresh":false,"showFog":true,"showSkybox":true,"showFlares":true,"showImageEffects":true,"showParticleSystems":true,"showVisualEffectGraphs":true,"m_FxEnabled":true},"in2DMode":false,"pivot":{"x":485.3370666503906,"y":185.3346710205078,"z":-5.90362548828125},"rotation":{"x":0.00011097276001237333,"y":0.999880850315094,"z":-0.008399217389523983,"w":0.013199170120060444},"size":272.732177734375,"orthographic":false}